Ginosa Marina;C44556687523556;Kühlteke außen;Z93-PH5-ZI7
PDS;;P0;PDS-8JI-NGU
Colorado River Rafting;C44557726652556;Wasser vorne niedrig;DAK-VIE-ZJY
Angus;C44577558239556;Gasherd1;H2O-GQZ-QQS
Black Pearl;C44667789234556;Antriebsreifen;ARD-CR3-7KK
Wild West;C44667734987556;Tuer 2;ASI-8GG-D2C
Terror Tower;C44667782315556;Kippvorrichtung;MFG-MZC-DNW
T-Rex;C44557722818556;Wagen 1;BVB-MCP-JNP
Ginosa Marina;C44556687523556;Kühlteke innen;Z93-152-0OA
Terror Tower;C44667782315556;Bremsanlage;MFG-3QC-YW6
T-Rex;C44557722818556;Bremsblock hinten;BVB-CK8-6IA
Wild West;C44667734987556;Tuer 3;ASI-Z6N-KBZ
Panic Room;C44557783665456;Bewegungsapparat 1;ESP-PWT-65B
Wild West;C44667734987556;G0;STM-XWH-KD4
Ginosa Marina;C44556687523556;LIchtschalter;Z93-5G5-5H8
Cinema4D;C44557782345556;Notausgangsbeleuchtung ausgegangen;UCI-1MN-6BA
Black Pearl;?;?;VSS-VZF-WRA
Colorado River;C44557726652556;Kettenzug;DAK-Z61-SLK
Fries Corner;;Abwasser - Toilette Stinkt;WSN-LKJ-?
Mindfreak;;Stromausfall;BFG-JD1-FF2
Enroon;C44775566283456;Kippvorrichtung / Steig und Fall Mechanismus;WSV-THQ-FQD
test;;;--